Ref,Study,Year,Data Collection (1/0),Data Retention (1/0),Data Sharing (1/0),Owner Access (1/0),Owner Control (1/0),Data Security (1/0),Regulatory Conformity (1/0),Data Collection evidence,Data Retention evidence,Data Sharing evidence,Owner Access evidence,Owner Control evidence,Data Security evidence,Regulatory Conformity evidence
[42],Martins et al.,2026,1,0,1,1,1,0,0,Survey instrument: collection limitation and purpose specification components,,Survey instrument: use limitation and disclosure component,Survey instrument: individual participation component,Survey instrument: consent (opt-in/opt-out) component,,
[43],Magoulas and Polykalas,2026,1,0,1,1,0,1,0,"Sec. 3.2, Table 2, Fig. 9 (Data Collected)",Mentioned only in introduction and literature review,"Sec. 3.2, Fig. 9-11 (Data Shared)","Table 3, Fig. 12 (data deletion request options)","Permissions are analyzed as technical access, not user choice","Table 3, Fig. 12 (encryption in transit, independent security review)","Borderline: Play Families Policy is a platform policy, not a law or certification"
[14],Ding and Huang,2024,1,0,0,1,1,1,1,"Sec. 1, 3.4 (PIPL disclosure of purposes, means and scope of processing)",,Passing example only (Sec. 5.1),Sec. 3.4 (methods and procedures for exercising rights),"Sec. 2.4, 5.1 (consent levels, withdrawal, opt-out)",Borderline: Sec. 5.4 (risk modules on data breach precautions),Borderline: Sec. 3 (policy as commitment to adhere to the law)
[30],Barth et al.,2023,1,1,1,1,1,1,1,"Sec. 4.3, unified privacy attributes: collection",Sec. 4.3: retention,"Sec. 4.3: sharing, sale","Sec. 4.3: correctness, right to be forgotten","Sec. 4.3: control (consent, opt-out)",Sec. 4.3: security,"Sec. 4.3: accountability (legally binding policy, regulation)"
[33],Wagner,2023,1,1,1,1,1,1,1,"Sec. 3, OPP-115 annotation scheme: First Party Collection/Use",Sec. 3: Data Retention,Sec. 3: Third Party Sharing/Collection,"Sec. 3: User Access, Edit and Deletion",Sec. 3: User Choice/Control,Sec. 3: Data Security,Sec. 3: International and Specific Audiences
[37],Chatsuwan et al.,2023,1,1,1,1,1,1,1,"Table 7, privacy principles: collection",Table 7: retention,Table 7: third-party disclosure,Table 7: data subject rights,Table 7: user controls and opt-out,Table 7: security,Table 7: international and specific audiences; model built on PDPA compliance
[50],Shankar et al.,2023,1,1,1,1,1,1,1,OPP-115 categories (task description) and PolicyIE labels (Appendix),"OPP-115 Data Retention; PolicyIE data-retained, retention-period (Appendix)",OPP-115 Third Party Sharing/Collection,"OPP-115 User Access, Edit and Deletion",OPP-115 User Choice/Control,OPP-115 Data Security,OPP-115 International and Specific Audiences
[38],Brunotte et al.,2022,1,1,1,1,1,1,1,"Sec. 3.2, Fig. 2 (PriX classes from OPP-115): First Party Collection/Use","Sec. 3.2, Fig. 2: Data Retention","Sec. 3.2, Fig. 2: Third Party Sharing/Collection","Sec. 3.2, Fig. 2: User Access, Edit and Deletion","Sec. 3.2, Fig. 2: User Choice/Control","Sec. 3.2, Fig. 2: Data Security","Sec. 3.2, Fig. 2: International and Specific Audiences"
[32],Rahat et al.,2022,1,1,1,1,1,0,1,"Sec. 2.2, GDPR requirements: data categories, processing purpose",Sec. 2.2: storage period,Sec. 2.2: data recipients,"Sec. 2.2: right to access, right to erasure","Sec. 2.2: withdraw consent, right to object",Borderline: only 'data safeguards' for transfers to third countries (legal safeguards),"Sec. 2.2: complaint to a supervisory authority, adequacy decision"
[41],Windl et al.,2022,1,1,1,1,1,1,1,Table 1 (OPP-115 categories): 1st Party Collection/Use,Table 1: Data Retention,Table 1: 3rd Party Collection/Sharing,"Table 1: User Access, Edit and Deletion",Table 1: User Choice/Control,Table 1: Data Security,Table 1: International/Specific Audiences
[46],Ebert et al.,2021,1,1,1,0,0,1,0,"Table 1 (notices tested): sensor used, listening habits stored",Table 1: voice data deleted after one month,Table 1: location data shared or not shared,Not present in the notices,Not present in the notices,Table 1: location data stored encrypted or unencrypted,Not present in the notices
[47],Tang et al.,2021,1,1,1,0,1,1,0,"Appendix A.2 (Q29-37, Q41-43): PII, metadata, device attributes","Borderline: Appendix A.2 (Q14, Q55-57): how long cookies and stored data persist","Appendix A.2 (Q39-40, Q48-50): sharing with third parties",Not present,Borderline: Appendix A.2 (Q38): Do Not Track,"Appendix A.2 (Q44-47): encryption, end-to-end encryption",GDPR and CCPA mentioned only in the introduction
[48],Karegar et al.,2020,1,0,1,0,1,0,0,"Sec. 4.1 (consent forms): personal data requested, processing purposes",Not present in the forms,Sec. 4.1: data recipient,Not present in the forms,Sec. 4.1: purpose choices and consent,Not present in the forms,GDPR discussed only in background
